SNP	CHISQ_PLAIN	P_PLAIN	CHISQ_PC_ADJUSTED	P_PC_ADJUSTED	P_PERM_1TO1	CHISQ_PERM_1TO1	OBS_SCORE_CHISQ_1TO1	N_STRATA_VALID_1TO1	N_INFORMATIVE_STRATA_1TO1	P_PERM_1TO4	CHISQ_PERM_1TO4	OBS_SCORE_CHISQ_1TO4	N_STRATA_VALID_1TO4	N_INFORMATIVE_STRATA_1TO4	P_PERM_1TO6	CHISQ_PERM_1TO6	OBS_SCORE_CHISQ_1TO6	N_STRATA_VALID_1TO6	N_INFORMATIVE_STRATA_1TO6
rs28910598_A	1.65626821202758	0.198107936541664	0.276375353686495	0.599086839995167	0.745925407459254	0.104986807739557	0.15929203539823	14939	226	0.675232476752325	0.175542259467955	0.20387011411875	14964	563	0.723127687231277	0.125515611439698	0.142530835998172	14964	780
rs138289170_T	11.4862671539968	0.000701123093034968	2.30821749936352	0.128691553070101	1	0	0.00584795321637427	14990	171	0.949205079492051	0.00405833405262433	0.0148456057007126	14996	417	0.632736726327367	0.22836780494688	0.279549779872417	14996	552
rs200127189_A	3.41909505744044	0.0644463316879427	3.0497795605675	0.0807481021871992	1	0	0.0909090909090909	14970	11	0.661733826617338	0.191424291355189	0.388888888888889	14981	31	0.541545845415458	0.372682221591949	0.590909090909091	14981	47
rs200086179_T	0.503293384580282	0.478056600969785	1.35537517977015	0.244340614237004	0.68033196680332	0.169752382693953	0.253521126760563	14955	142	0.121787821217878	2.39417709958077	2.4576802507837	14979	314	0.0737926207379262	3.19657582164334	3.26291441788744	14979	424
rs147322367_A	0.552068670812167	0.457473666204562	0.00356364723854468	0.952397525292309	0.237676232376762	1.39432401371066	1.55675675675676	14959	370	0.131786821317868	2.27132930466053	2.35504074238027	14979	931	0.211078892110789	1.56401103915431	1.63179487901253	14979	1264
rs76223892_C	1.58225453080423	0.20843624521098	4.05001307014897	0.0441710029171912	0.545045495450455	0.366268170264854	0.438961038961039	14012	382	0.813618638136186	0.0555829419578175	0.0670792132147975	14504	934	0.757024297570243	0.0957226429581679	0.1142688868633	14504	1287
rs75662974_A	0.0548151541219467	0.814886879469558	0.648027010789739	0.420818959072312	0.324267573242676	0.971655803356065	1.08108108108108	14965	364	0.286071392860714	1.13801861917486	1.14900399750367	14978	902	0.232576742325767	1.42503316334628	1.42320901027456	14978	1259
rs145912850_A	0.54963984770273	0.458464889502385	0.746622503012812	0.387547677642147	0.949205079492051	0.00405833405262433	0.0148148148148148	14959	264	0.962603739626037	0.00219833777291265	0.00429434531032457	14983	666	0.96040395960404	0.00246479129096599	0.00322636799657214	14983	911
rs150189609_T	1.89570782015314	0.168559538391115	2.51847593449496	0.112519285658734	1	0	0.0344827586206897	14939	26	0.235376462353765	1.40807352559216	1.5	14976	51	0.166783321667833	1.91162086323019	2.32125603864734	14976	66
rs116762561_G	0.00376325699806066	0.95108414205062	1.16820161628344	0.279771068266496	0.798220177982202	0.0653575373037418	0.0864197530864197	14797	567	0.687431256874313	0.161880278977072	0.180683457716919	14899	1340	0.466753324667533	0.529651709905324	0.560128395537879	14899	1820
rs138966725_T	0.00110090585683217	0.973531125657176	0.269793860563819	0.603470085868848	0.581541845815418	0.303748643776586	0.471698113207547	14976	53	0.667333266673333	0.184737334835188	0.272727272727273	14986	132	0.748525147485251	0.102774538250022	0.11266294227188	14986	179
rs80356595_A	0.317155801830756	0.573321938266173	0.345823481003971	0.556486931561213	0.546245375462454	0.364086564294162	0.818181818181818	14985	11	0.377262273772623	0.779604013879855	0.975806451612903	14992	31	0.507949205079492	0.438289486033841	0.686991869918699	14992	41
rs112421794_A	3.35330806349531	0.0670701009811101	0.0102483648178228	0.919364542341492	0.683131686831317	0.166621858952374	0.201612903225806	14978	496	0.946005399460054	0.00458653072799799	0.00724528301886794	14991	1213	0.611338866113389	0.258229881491837	0.26473029045643	14991	1706
rs41288797_A	1.79774547899313	0.179985294617413	1.33056096592336	0.248705445892505	1	0	0.0188679245283019	14915	53	1	0	0.00286861732644865	14958	136	0.921307869213079	0.00975875224918725	0.0407145401801621	14958	181
rs149117895_A	11.2081489536941	0.000814389134949392	7.49232870452285	0.00619623764670532	0.856214378562144	0.0328316928972398	0.0513347022587269	14986	475	0.826217378262174	0.0482046025268212	0.0635719660603545	14994	1162	0.836416358364164	0.0426337934339944	0.0591704796562961	14994	1602
rs114296060_T	1.43377259007567	0.231149735235469	0.80591827469046	0.369329772360613	0.454454554544546	0.559517896676842	0.618357487922705	14978	414	0.358264173582642	0.843968729373115	0.841170894257562	14987	1057	0.462453754624538	0.53994926213638	0.559562574457034	14987	1446
rs114844691_T	6.93936000726727	0.00843192767682843	8.16088321581606	0.0042803521465664	0.036996300369963	4.3505820357832	4.52307692307692	14623	384	0.0366963303669633	4.36444986272135	4.53081229829962	14808	966	0.0244975502449755	5.05905798229734	5.04974779319041	14808	1348
rs147714435_A	0.597477631996656	0.439542045297834	0.230714420781164	0.6309946015311	0.801719828017198	0.0630622323958817	0.138461538461538	14983	65	0.707329267073293	0.140959226908714	0.216216216216216	14991	166	0.63963603639636	0.219218489461124	0.25965484067304	14991	235
rs140521893_T	0.797150701928818	0.371946630465615	0.35016258285412	0.554021110292741	0.802119788021198	0.0628026894527565	0.138461538461538	14936	65	0.631836816318368	0.229578128615489	0.300083125519535	14972	169	0.712428757124288	0.135863130253903	0.213746492233508	14972	234
rs79352534_T	3.02450536491818	0.0820153263740324	0.417829962601999	0.518021841558316	0.705729427057294	0.142580070303411	0.180400890868597	12929	443	0.465653434656534	0.532271503772242	0.552882215906651	13947	1089	0.453654634536546	0.561504640591234	0.571673803171766	13947	1498
rs115184364_A	4.77714202890162	0.02883994684624	0.881462511757588	0.347801421953809	0.147285271472853	2.10014395245207	2.31428571428571	14898	551	0.323967603239676	0.972861344059235	1.07605141756618	14942	1345	0.371062893710629	0.800101937248931	0.822509201630511	14942	1856
rs147328832_A	0.382925962193783	0.536041455894506	0.219648865673628	0.639307595425461	0.947305269473053	0.00436803799166116	0.0168067226890756	14310	235	1	0	0.00260620276257493	14658	578	0.88001199880012	0.0227871115936502	0.0294315712450679	14658	791
rs137852987_A	3.34588125975645	0.0673733930904086	2.13085820724551	0.144359911172273	0.0015998400159984	9.95993156068712	10.5932203389831	14986	59	0.0101989801019898	6.59980737468448	7.28448275862069	14994	145	0.0134986501349865	6.10255597816813	6.42197707801162	14994	204
rs73929406_G	0.256529698936879	0.612514385499856	0.600415211869242	0.438419647786286	0.778622137786221	0.0790256863053085	0.183673469387755	14955	46	0.833616638336166	0.0441274676541697	0.0533157083057942	14979	117	0.835216478352165	0.0432706541572501	0.0745034685926069	14979	150
rs78301266_T	0.40495213687662	0.524542785341675	1.56993359272174	0.210216657917633	0.178682131786821	1.80855114207765	1.87435456110155	14974	572	0.258674132586741	1.27583903312073	1.3278463648834	14985	1407	0.268573142685731	1.22402011804641	1.26908706952566	14985	1930
rs115473020_C	0.0110644091599574	0.916227033008254	0.0656363118569692	0.797799615506324	0.769123087691231	0.0861552400633212	0.333333333333333	14934	12	0.346665333466653	0.885626168572033	0.994117647058824	14974	42	0.299170082991701	1.07788988555706	1.20177334028761	14974	60
rs17217723_G	5.21509980154051	0.0223915617246544	4.94364379158879	0.0261867758328401	1	0	0.142857142857143	14983	7	0.261173882611739	1.26252394395899	1.50892857142857	14991	28	0.271272872712729	1.21029920748643	1.6260162601626	14991	41
rs12612388_C	23.0362595471951	1.58974620368679e-06	0.232136519091481	0.629944137206938	0.310868913108689	1.02698052065707	1.11627906976744	14945	513	0.023997600239976	5.09480585545754	5.16817019509093	14972	1153	0.0507949205079492	3.81502257990845	3.88993936179713	14972	1557
rs34625968_A	0.145667169006422	0.7027108391854	0.161396979846682	0.687873594877343	1	0	0.0909090909090909	12250	11	0.472052794720528	0.517166702681279	0.552616446233468	13384	27	0.464353564643536	0.535380411763445	0.634167819851554	13385	36
rs140678678_T	0.0115692691647218	0.91434430206362	0.0107996712782337	0.917231671238073	1	0	0.00436681222707424	14986	226	0.918708129187081	0.0104164805401882	0.0152542372881356	14988	579	0.745625437456254	0.105243744405517	0.123420221169035	14988	823
rs182814773_G	0.373787037102426	0.5409472103577	0.583963363319123	0.444762988820383	0.429157084291571	0.625103519724821	1.14285714285714	14974	14	0.687831216878312	0.161443245759486	0.230769230769231	14987	39	1	0	0.00921343181299024	14987	60
rs117619104_C	26.0943940806751	3.25126612982907e-07	0.19266875796633	0.660704653661368	0.338966103389661	0.914337735766617	1.13636363636364	14965	85	0.305669433056694	1.04929533629206	1.05384006334125	14980	193	0.253074692530747	1.30625024650646	1.46119851807072	14980	257
rs2946377_G	1.12726542840186	0.288359380430457	4.46481389931108	0.0345998585291135	0.127987201279872	2.31674982735679	2.42654028436019	12179	416	0.207279272072793	1.59032804173008	1.71073772824357	13355	1030	0.355464453554645	0.853853601484782	0.886499857416246	13356	1426
rs79968431_A	0.291322185264774	0.589374486144596	3.2508864298585	0.0713848425216022	0.519048095190481	0.415784364474282	0.460122699386503	14954	489	0.720627937206279	0.12789184637483	0.151403747735357	14978	1145	0.479452054794521	0.500109404391004	0.519595492235103	14978	1545
rs138592466_T	2.65457086816846	0.103252618448211	1.02342432338611	0.311708124853431	0.923707629237076	0.00917083545561595	0.0384615384615385	14998	104	0.765723427657234	0.0887881767904603	0.133086876155268	14999	269	0.817918208179182	0.0530027969751526	0.068571428571429	14999	346
rs139834642_G	0.166085915909299	0.6836140666131	0.053793556020041	0.816588982143834	0.297170282971703	1.08684963719031	1.66666666666667	14949	15	0.11038896110389	2.54864400730092	3.23200414293112	14974	30	0.120987901209879	2.40448543719474	3.06438852873311	14974	42
rs201694227_A	0.214490789243063	0.643270110133438	0.0598692533882761	0.806702710272708	1	0	0.2	14973	5	0.541645835416458	0.372497903044059	0.765625	14984	15	0.556244375562444	0.346248690940553	0.5	14984	20
rs201074268_A	3.46064836456498	0.0628456675353898	1.69077384658394	0.193498990575888	0.0848915108489151	2.96867210413436	3.17258883248731	14996	197	0.193680631936806	1.68939582453968	1.83112919633774	14996	488	0.23037696230377	1.43853249512201	1.53994225216555	14996	684
rs56050689_A	4.27246286623918	0.0387347496413258	3.85869712560145	0.0494887440600453	0.460753924607539	0.544062571658126	0.615384615384615	14984	410	0.293670632936706	1.10271688923188	1.17129643267446	14989	1036	0.148985101489851	2.08261141069606	2.1259969945671	14989	1476
rs190924518_T	1.3885412617347	0.238651600107853	0.862244401336991	0.353111373145475	1	0	0.0909090909090909	14968	11	0.433156684331567	0.614344548950105	0.67723749119098	14980	22	0.805819418058194	0.0604288417721818	0.161417841612861	14980	33
rs199684823_T	1.59545454700882	0.20654855902144	1.06417041056157	0.302265934611567	0.767023297670233	0.0877763760769436	0.333333333333333	14978	12	1	0	0.0303030303030303	14993	33	0.65013498650135	0.205729983434873	0.3375	14993	40
rs61734034_T	4.2585036001172	0.0390543093803766	2.58736294862756	0.107719546602207	0.804119588041196	0.0615135000685834	0.138461538461538	14950	50	0.494250574942506	0.467259631338356	0.484944684944685	14964	128	0.448855114488551	0.573541313169596	0.67675494615426	14964	172
rs74514752_A	5.48467901127754	0.0191838420302844	2.93071426696514	0.0869090341064368	0.521747825217478	0.410436920179696	0.470588235294118	14701	541	0.255374462553745	1.29366049399198	1.31784997046663	14830	1278	0.386961303869613	0.748469264396821	0.760780711558189	14830	1779
rs145146615_T	1.52522751085454	0.216830125813937	0.0795278750404979	0.777938242091214	0.386061393860614	0.751311264878037	0.862068965517241	14406	455	0.593040695930407	0.285620635260216	0.292781354076503	14683	1160	0.81001899810019	0.0577928919740516	0.0710623640894598	14683	1619
rs150321775_G	1.83972064576615	0.174983692799296	0.508855635816531	0.475634662618379	0.647735226477352	0.208767395870922	0.3	14975	120	0.945605439456054	0.00465483691109691	0.0179539463868305	14981	313	1	0	0.000660979488980184	14981	446
rs200619760_C	3.02225399004029	0.0821292445511884	2.12711457690051	0.144712942483549	0.0537946205379462	3.71906084157992	4.18840579710145	14977	69	0.0188981101889811	5.51091940720379	5.98449376710246	14989	154	0.167383261673833	1.90622440492464	2.11144338872696	14989	243
rs200928764_A	20.7554506802156	5.21828395961307e-06	0.867751980992153	0.351578407976379	0.287371262873713	1.1318960792823	2	14987	8	0.745225477452255	0.105586866609158	0.431034482758621	14993	14	0.410958904109589	0.676024903875667	1.08333333333333	14993	25
rs114951352_A	2.59316898957446	0.10732540778389	0.297272511397587	0.58559738512036	0.367863213678632	0.810869817918178	0.921658986175115	14895	428	0.110688931106889	2.54435748497798	2.57475063093378	14940	1003	0.152984701529847	2.0422352324448	2.06446213521233	14940	1395
rs77677422_T	13.5730732062737	0.000229453399144506	0.925428681410983	0.336053603379378	0.872912708729127	0.0255871508581141	0.0479041916167665	14855	328	0.502649735026497	0.449337495817686	0.486320121366419	14923	853	0.492250774922508	0.471602698380809	0.47399738090374	14923	1170
rs141624732_T	1.06827575596137	0.301335236683183	1.32169043434701	0.250288895801047	0.886811318868113	0.0202607238492431	0.0714285714285714	14979	56	0.83011698830117	0.046032358448221	0.088768115942029	14991	138	1	0	0.000573539195668663	14991	201
rs17036091_C	0.148276759613985	0.700187617727046	1.64164669999191	0.200099684000837	0.908209179082092	0.0132935544635754	0.0526315789473684	14700	64	0.848415158484152	0.0365348662290044	0.0419993057965984	14844	144	0.930906909309069	0.00751755908358111	0.02444250031245	14844	199
rs61730706_A	7.10368093020687	0.00769258134908649	3.29373611814048	0.0695446096931455	0.897810218978102	0.0164937689894211	0.0382978723404255	14974	232	0.392360763923608	0.731613270905504	0.797124646297196	14987	540	0.324567543245675	0.970451735377589	1.02056281037337	14987	742
rs13017657_A	0.821744977373465	0.364670469007318	1.61250804776993	0.20413960596053	0.871412858714129	0.0261999931536211	0.043956043956044	13996	364	0.833716628337166	0.0440736598991632	0.0553193904480831	14485	888	0.692030796920308	0.156895705481254	0.162411061835451	14485	1259
rs74698222_T	24.6599034402624	6.8392391102242e-07	0.030477566151526	0.861411038340558	0.311268873112689	1.02528411423783	1.14942528735632	14978	345	0.775722427757224	0.0811667666778273	0.0969476568828527	14989	837	0.904109589041096	0.0145134023447411	0.0221160766865148	14989	1119
rs77746492_C	0.188341789247351	0.664300330075586	0.094108712528668	0.759017353131416	0.146285371462854	2.1105642381004	2.20689655172414	14969	455	0.0220977902209779	5.23806887029185	5.12513303937966	14982	1204	0.0353964603539646	4.42594726911054	4.57005924518245	14982	1647
rs10195756_A	16.3951517366668	5.14165760497565e-05	4.51113338014891	0.0336749197592349	0.122487751224878	2.38521867807981	2.53465346534653	13333	404	0.0826917308269173	3.01118671283219	3.12712735579669	14113	1019	0.0995900409959004	2.71209634260828	2.80717337685822	14113	1342
rs76547788_A	0.000519988558576732	0.981807209487854	0.273539885276738	0.600967011451426	0.858114188581142	0.0319605860222747	0.0489236790606654	14938	496	0.839416058394161	0.0410631586831454	0.050526794149655	14970	1252	0.813518648135186	0.0556437151733382	0.0600471951305959	14970	1726
rs148407740_T	0.186109002880014	0.66617498602362	1.73217991582394	0.188132741426817	0.179082091790821	1.80522506168638	1.86601941747573	12259	506	0.0103989601039896	6.56524191057236	6.61765634369766	13393	1166	0.003999600039996	8.28399656943049	8.27149797389692	13394	1564
rs201767727_G	4.66081918310621	0.0308584655151347	0.369396971979297	0.543333153666115	0.733726627337266	0.115717328924951	0.2	14991	80	0.792020797920208	0.0695310500089515	0.0788177339901478	14996	199	0.934206579342066	0.00681507979861218	0.00841218096525418	14996	286
rs72866734_A	0.0305658509751211	0.861212490983716	0.0687516282728039	0.793163154378617	0.244275572442756	1.35574903092432	1.53617021276596	14620	232	0.377362263773623	0.77927728207313	0.858598449948512	14777	567	0.396960303969603	0.717514823362358	0.774372890710789	14777	785
rs113023766_C	0.0940691011383255	0.759066503841525	0.261646410507185	0.608991298425645	0.124887511248875	2.35492974830954	2.6094674556213	14947	169	0.815518448155184	0.0544349057535682	0.0620823959977168	14967	461	0.744625537446255	0.106102707839465	0.142730876365973	14967	681
rs115768810_A	3.72364854345975	0.0536470250828488	0.017097809899572	0.895966278903897	0.782221777822218	0.0764106938294311	0.113924050632911	14965	316	0.64983501649835	0.206108191488976	0.224576271186441	14983	765	0.51024897510249	0.433556485699104	0.459094168208732	14983	1042
rs79037278_C	0.991710311888336	0.319324718313589	1.49894234647554	0.220834170922795	0.52994700529947	0.394493171135267	0.453083109919571	14981	373	0.189281071892811	1.72320454378421	1.81742128319074	14990	966	0.351064893510649	0.869604245472728	0.908650206071483	14990	1300
rs115718408_C	0.916038177507433	0.338517372234439	2.52173376384395	0.112287067922979	0.898210178982102	0.0163642067164335	0.0297397769516729	14931	526	0.629337066293371	0.23296081546322	0.254982176607096	14962	1263	0.323467653234677	0.974873858563256	1.0272162168518	14962	1682
rs117621055_G	37.8701174490968	7.56146163220633e-10	1.20023571704324	0.273274571143297	0.226177382261774	1.4647403672154	1.96	12262	25	0.168483151684832	1.89638820396488	2.20300173176833	13391	77	0.117788221177882	2.44648694598943	2.80908324268831	13392	107
rs150112597_C	0.137551894329356	0.710726992580022	0.685765805702969	0.407608332018827	0.262673732626737	1.25461043512567	1.43820224719101	14983	178	0.762623737626237	0.0912264442770185	0.134248210023866	14992	418	0.854414558544146	0.0336681150997371	0.0499483789386065	14992	575
rs181104321_T	0.238195224866706	0.625512667879458	0.00106499577085416	0.973966238517959	0.904209579042096	0.0144830038708376	0.0540540540540541	14943	74	0.487051294870513	0.483033886912401	0.522511848341232	14969	211	0.412958704129587	0.670266512384897	0.794279427942793	14969	301
rs199895260_T	0.175865320382204	0.67495086525777	0.0976690168581449	0.754645041951995	0.344065593440656	0.895223907833345	1.02424242424242	14962	165	0.187181281871813	1.73966497774668	1.8550959426864	14976	426	0.285771422857714	1.13943653087235	1.20724073629885	14976	585
rs200212521_G	0.283586431855308	0.594360119598666	0.00936064989086302	0.922924573120738	0.325367463253675	0.967248067137375	1.19047619047619	14921	84	0.213678632136786	1.546326075958	1.70515695067265	14960	222	0.293370662933707	1.10408819886018	1.20723232993172	14960	302
rs34618570_A	2.27123909586541	0.131794491754927	0.0193356619150066	0.889408480679036	0.800719928007199	0.0637135798550867	0.0891089108910891	14953	398	0.241075892410759	1.37429160833527	1.46214733656351	14981	1044	0.290570942905709	1.11697409878244	1.08656942072402	14981	1428
rs72648915_T	0.0576994341949679	0.810169736733223	1.20908614102206	0.271513184869882	0.494250574942506	0.467259631338356	0.609022556390977	14982	106	0.430956904309569	0.62024325755749	0.658094109158378	14991	217	0.345165483451655	0.891151387564907	0.979505513349476	14991	262
rs146970027_C	0.0065709582161377	0.935393085457193	0.00618521033767379	0.937314112037606	0.37986201379862	0.771148419777276	1.08888888888889	14981	45	0.90960903909609	0.0128894450380482	0.032258064516129	14991	122	0.738326167383262	0.111603269606107	0.11519480873572	14991	167
rs114595877_G	3.29494313646236	0.0694935141529816	5.12455670593933	0.0235895953345392	1	0	0	14966	28	0.166783321667833	1.91162086323019	2.24532779590626	14982	52	0.25017498250175	1.32232628031937	1.68117427210802	14982	76
rs147121882_G	6.7346652665188e-05	0.993452233340569	0.506515598596897	0.476651129611328	0.139486051394861	2.18361983817716	2.42281879194631	14962	146	0.196680331966803	1.66685484636432	1.82406982085439	14983	366	0.192780721927807	1.69623783637265	1.7371933893369	14983	511
rs76382017_A	12.1823855572418	0.000482429076571023	6.54693299281489	0.0105065115253048	0.596140385961404	0.28085649871006	0.333333333333333	14583	507	0.92040795920408	0.00998397591811462	0.0158591166895145	14783	1267	0.761723827617238	0.091941079697565	0.0954108628241737	14783	1780
rs116605197_G	0.0349058584473658	0.851793065064544	0.359814537479966	0.548609254670428	1	0	0.00227790432801822	13494	436	0.971402859714029	0.0012851419972306	0.00212403824820372	14232	1055	0.717628237176282	0.130776552949921	0.149702918971832	14232	1489
rs58286283_T	0.385304279221598	0.534778057706241	0.0172751441023514	0.895431248320746	0.410658934106589	0.676892224025737	0.835051546391753	14976	88	0.696830316968303	0.151790304233156	0.153768844221105	14987	196	0.4003599640036	0.707244883027416	0.717852089862087	14987	232
rs147727753_C	7.07979282855136	0.0077958022782293	3.21204294676496	0.073098160194539	1	0	0	14964	534	0.578942105789421	0.307948011155264	0.336288247068916	14985	1272	0.461253874612539	0.542850275193462	0.574371023952388	14985	1736
rs192024023_A	0.0156524572639378	0.900436640142054	0.0521983129657177	0.819281263688113	0.779022097790221	0.0787327885379005	0.333333333333333	14955	12	0.815518448155184	0.0544349057535682	0.135593220338983	14977	28	1	0	0.0302013422818791	14977	47
rs147294932_A	0.000337200697619017	0.98534924901397	0.0410123948053105	0.839513998760747	0.78992100789921	0.0709759879041086	0.169811320754717	14989	53	1	0	0.00816326530612245	14995	122	1	0	0.00378071833648386	14995	175
rs115221503_A	0.276944586916306	0.598710871661258	0.991597740525212	0.319352186055978	0.645435456454355	0.21170353293973	0.261780104712042	14930	364	0.968503149685031	0.00155912096885527	0.00195403969445924	14962	919	0.818618138186181	0.0525888849824357	0.0669874354334919	14962	1299
rs200129236_A	26.0398295068508	3.34446003962806e-07	0.333450319464438	0.56363444341725	0.147185281471853	2.10118238410035	3	14961	12	0.384661533846615	0.755750943541739	0.916666666666667	14985	32	0.276672332766723	1.18336341771939	1.22727272727273	14985	42
rs180953382_C	0.843168399524745	0.35849217645699	0.185699147764991	0.666520549224402	0.794320567943206	0.0679667197628638	0.157894736842105	14974	57	0.77012298770123	0.0853890373911855	0.127358490566038	14988	159	0.6999300069993	0.148544684742555	0.19291411231624	14988	225
rs55876679_T	0.122967248839878	0.725838288243514	1.24054466908372	0.265366108629991	0.489251074892511	0.47817292327035	0.615384615384615	14919	104	0.29047095290471	1.11743723761386	1.11272177757878	14959	278	0.181381861813819	1.78626530066455	1.97075344507557	14959	408
rs79412450_C	11.4327719649503	0.000721599513257864	8.67371426341739	0.00322832538290319	0.813818618138186	0.0554615006742593	0.0821917808219178	14956	435	0.876212378762124	0.0242650595202678	0.0330010312822276	14977	1060	0.799320067993201	0.0646314496049852	0.078841632372489	14977	1459
rs78236491_T	0.0450948862045645	0.831829648761702	0.000311499135192026	0.985918596686888	0.551844815518448	0.354022606391143	0.43859649122807	14940	228	0.876512348765124	0.0241466507471809	0.0403587443946188	14972	582	0.772322767723228	0.0837164538550166	0.106999273431823	14972	840
rs35731955_A	4.80325311648081	0.0284060515891044	0.253012840947073	0.614961587814765	0.548145185481452	0.360650501394625	0.449814126394052	14927	212	0.5998400159984	0.275237257931814	0.321623559256604	14961	401	0.772022797720228	0.0839434773189986	0.104814579744311	14961	482
rs77491634_C	0.0393140380723177	0.842827814403628	0.00790085528658319	0.929171909540039	0.960603939606039	0.00243993707243468	0.00938967136150235	14934	411	0.815018498150185	0.0547357953650938	0.0591496400947825	14962	997	0.908009199080092	0.0133518003124714	0.0158213049359588	14962	1386
rs137891000_G	6.71501270683592	0.00956046097255641	0.05088615627436	0.82152840816653	0.372862713728627	0.794101774224798	0.907801418439716	14962	282	1	0	0.00134827673379961	14977	731	0.62993700629937	0.232146191170895	0.253232467482341	14977	1045
rs79979025_C	25.8320989488076	3.72442828231089e-07	6.80074994310655	0.00911195909944518	0.796420357964204	0.0665550072121308	0.285714285714286	14979	14	0.451254874512549	0.567497965959925	0.837209302325582	14989	39	0.301769823017698	1.06635674591456	1.35253762688134	14989	61
rs115394581_T	5.1646083107168	0.02305165523062	0.233445732727747	0.628980556871442	0.828317168283172	0.0470284170177162	0.0737463126843658	14983	339	0.393160683931607	0.729144333624476	0.799595863544515	14995	906	0.195180481951805	1.6780746562402	1.7474655920126	14995	1284
rs139381111_G	0.713430864959398	0.398307195347767	0.634249803837846	0.425800729603346	0.357364263573643	0.847134415955097	1.31578947368421	14981	19	1	0	0.00694444444444445	14987	36	0.708129187081292	0.140152768377675	0.282485875706214	14987	59
rs61736676_T	5.26889150902992	0.0217098328522653	4.04835241599977	0.0442144776310499	0.104589541045895	2.63412693219548	2.89855072463768	14977	138	0.47995200479952	0.498972364096427	0.546208103794471	14985	264	0.269273072692731	1.2204463538122	1.25088016142423	14985	330
rs72980280_A	0.434018079472078	0.510023895619622	1.0739356459797	0.300058165693949	1	0	0.00184162062615101	14169	534	0.587441255874413	0.294358008115596	0.314241311945098	14588	1288	0.393960603939606	0.726682603077314	0.792295828700552	14588	1733
rs192783478_T	0.0460232358345629	0.830133566007614	7.30334364034841e-06	0.997843743603602	0.865813418658134	0.0285537910601673	0.111111111111111	14987	36	1	0	0.00292397660818714	14996	85	0.713628637136286	0.134679534783148	0.155526992287917	14996	129
rs151214628_T	0.0518921648739676	0.8198028787527	0.0258618375477932	0.872238196495892	0.897810218978102	0.0164937689894211	0.0666666666666667	14991	60	0.6004399560044	0.274332852939596	0.403225806451613	14995	139	1	0	0.000772797527047951	14995	215
rs181027586_T	3.12552465049529	0.0770750578550678	2.57150438420106	0.108804215990916	0.184181581841816	1.76355606257671	2.57142857142857	14965	14	0.0242975702429757	5.07326548311509	5.72429906542056	14981	48	0.0457954204579542	3.98910364093548	4.60227272727273	14981	61
rs34602615_G	0.0449986487546774	0.8320065132488	0.032739352276612	0.856414522584639	0.654834516548345	0.199859203933238	0.473684210526316	12213	16	0.47015298470153	0.521616400925572	0.61734693877551	13371	44	0.367963203679632	0.810531349508698	0.930412371134021	13372	57
rs146148004_A	0.794077767903231	0.372869939204935	1.50213343906185	0.220343389073452	0.0671932806719328	3.35028740590057	3.76923076923077	14973	52	0.335466453354665	0.927680187228959	1.02127659574468	14986	141	0.352264773522648	0.865281989143122	1.04344122657581	14986	195
rs189711563_G	2.31523786646339	0.128111701544548	1.80993046756243	0.178516571177446	0.45985401459854	0.546249972544164	0.782608695652174	14972	46	0.343865613438656	0.895966257190038	1.15168850341391	14980	84	0.43955604439556	0.597441065714237	0.770933081998116	14980	122
