SNP	CHISQ_PLAIN	P_PLAIN	N_PLAIN	CHISQ_PC_ADJUSTED	P_PC_ADJUSTED	N_PC_ADJUSTED	CHISQ_1TO1	P_1TO1	N_1TO1	N_1TO1_BASE	CHISQ_1TO4	P_1TO4	N_1TO4	N_1TO4_BASE	CHISQ_1TO6	P_1TO6	N_1TO6	N_1TO6_BASE
rs313526_T	9.19297310431161	0.00242945958942002	329625	2.1449093974114	0.143043480857326	329625	2.13723940721842	0.143760385321239	440	772	1.66261185313851	0.197251045377671	1188	1930	1.82669787896163	0.176518073982567	1654	2702
rs313528_A	25.3881410881274	4.68791127273907e-07	386814	7.66904569679304	0.00561761598159518	386814	6.87474954673696	0.00874220076277105	632	772	6.75976205799932	0.00932361919342969	1611	1930	7.96949577661816	0.00475721883609355	2252	2702
rs75455428_T	4.43889606050664	0.0351289553889153	432166	3.25373914050187	0.0712607227530827	432166	0.221302419969411	0.638049326627154	772	772	3.25515960880393	0.0711990052755851	1930	1930	3.37607140342864	0.0661495564448567	2702	2702
rs7570283_C	1.64179258595502	0.200079695547767	385709	0.150858759919425	0.697716043758244	385709	1.10352155136895	0.293494567897947	626	772	0.116799083925729	0.732532410223106	1603	1930	0.365069652470506	0.545704072702143	2240	2702
rs2117511_T	19.9677825938229	7.87580523852658e-06	431357	5.96907142806351	0.0145589453788024	431357	3.7788680777622	0.0519037616616166	762	772	5.48963286273591	0.0191295596622945	1910	1930	7.17733753254029	0.00738301899680899	2673	2702
rs73958614_C	3.21299044229601	0.0730558470393814	386993	1.28037034411918	0.257830187432127	386993	2.06002775174343	0.151207416570627	634	772	0.912994726237417	0.339321076394819	1613	1930	1.35750863733013	0.243969723539418	2256	2702
rs11679508_T	24.4306314187802	7.70340769357264e-07	384730	7.52024939354433	0.00610092330502027	384730	6.52499578389064	0.010636880113023	630	772	6.43147384356895	0.011211550775263	1598	1930	7.9260269561907	0.00487286791132101	2228	2702
rs6739713_G	17.4598408366468	2.93441302115296e-05	386883	5.68677750345021	0.0170932155932636	386883	5.90646299699048	0.0150854312850153	632	772	4.69477562550027	0.0302544488709841	1616	1930	5.70483283768608	0.0169182664634544	2261	2702
rs60902646_C	5.25214282659138	0.0219197614443188	399505	2.6892921817225	0.101024681889555	399505	1.66077139116038	0.197499204360229	660	772	2.32856510543847	0.127018913845655	1671	1930	4.55226611853757	0.0328752085598581	2322	2702
rs62168844_G	11.4542503852018	0.000713306576117602	431765	4.79111503702727	0.0286069019399737	431765	4.86317286652202	0.0274358359401399	768	772	5.164053428219	0.0230590204191001	1928	1930	6.94516474403987	0.00840460965990656	2698	2702
rs1438307_T	22.4129090206703	2.1989109190558e-06	386765	6.20712932428868	0.0127236800176362	386765	5.44262675705362	0.0196510953333877	630	772	5.60576819423724	0.0179014447076524	1611	1930	6.82461218088022	0.00899100772485993	2254	2702
rs10928545_G	19.7591564121965	8.78398522425078e-06	386805	5.88499977222746	0.015270399609442	386805	5.25554588602228	0.0218769378348573	632	772	6.737795012247	0.00943912224730903	1616	1930	8.6242982768625	0.00331708197650841	2260	2702
rs3820794_T	20.2215554466503	6.8971373903449e-06	386733	6.62507698722062	0.0100552796646062	386733	4.52623621584327	0.033378952110003	632	772	7.07122878153096	0.00783315162456624	1615	1930	9.16597918046728	0.00246555677562437	2260	2702
rs6430585_C	12.1596250315807	0.00048835193954065	431889	4.32523937741367	0.0375511321101629	431889	2.81771306198926	0.0932291492923183	770	772	5.01308291531088	0.0251564695408368	1928	1930	6.59942225760617	0.0102011863554397	2700	2702
rs3213889_G	22.4309983551863	2.17829834773481e-06	386271	6.91096368471267	0.00856688061495769	386271	6.47093133825261	0.0109653053770385	630	772	6.29226724925807	0.012126583326633	1607	1930	7.56085298930638	0.00596497526257124	2249	2702
rs9287442_G	19.9380505839581	7.99923354903323e-06	386589	6.05672058504526	0.0138534707784839	386589	4.27730657749642	0.0386245076984586	634	772	6.85502036026713	0.00883925492621379	1614	1930	8.89579081588783	0.002858287849314	2258	2702
rs113881162_GTGAT	26.7696654629473	2.29207228753036e-07	431519	8.92259296211558	0.00281664330196519	431519	5.62731184698904	0.0176827280527282	766	772	7.9751032495192	0.00474250510592324	1912	1930	10.488008364227	0.00120151819337762	2676	2702
rs11684545_T	22.439090948984	2.16913979994052e-06	386886	6.2928077205245	0.0121228862145358	386886	6.52176267112	0.0106562336733188	630	772	5.90607990263909	0.0150887124537459	1611	1930	7.20600064280971	0.00726602262391268	2254	2702
rs1865452_T	6.00148233241777	0.0142938638483004	386916	2.06600230239377	0.150615873286524	386916	2.60819453007331	0.106312737760341	634	772	3.29097470770231	0.0696616571125458	1615	1930	3.88654350529666	0.0486745019644439	2259	2702
rs10188066_A	16.7273314345995	4.31547970383513e-05	384586	4.48383081916676	0.0342169434545341	384586	2.85270750378938	0.0912201956106952	620	772	5.12359374021744	0.0236026881894348	1587	1930	7.10447694218474	0.0076891659249538	2218	2702
rs60963894_G	5.67397675924714	0.0172183796265452	386053	1.86678989278932	0.171843190334704	386053	2.39101576190596	0.122034311964681	634	772	2.81343930726698	0.093477772457084	1606	1930	3.48228715991693	0.0620289520380374	2249	2702
rs10496737_G	5.32060439491975	0.0210747004815667	385609	1.69786925322185	0.192566868222034	385609	2.18201833595128	0.139631241034847	632	772	2.73573105246776	0.0981265881634666	1613	1930	3.31985330600787	0.0684479362867879	2255	2702
rs6760329_G	19.2496390816376	1.14692058325209e-05	386931	6.01947380267074	0.0141488646648302	386931	4.56482757205855	0.0326349593265793	632	772	6.55804395185358	0.0104411075035349	1615	1930	8.40061448896041	0.00375094194386505	2260	2702
rs16832011_G	6.62970318779307	0.0100291974828304	431958	2.14051845364555	0.143453403259924	431958	2.66812751606844	0.102376407600282	768	772	0.87867724575165	0.348564227199026	1923	1930	1.06174671204254	0.30281713831203	2692	2702
rs2278544_G	20.3500469704467	6.44915051064547e-06	386880	6.25145198058548	0.0124091546361619	386880	4.60245603911162	0.0319261879030928	634	772	6.72711503670074	0.00949580621786255	1615	1930	8.96591190625054	0.00275063373681887	2258	2702
rs2082729_T	22.4728617606754	2.13133578422491e-06	384369	7.09056519350987	0.00774908050240837	384369	5.76015559440069	0.0163936200556703	618	772	7.20731434137153	0.0072607060351523	1571	1930	8.2051409831775	0.00417718631228428	2196	2702
rs1011361_A	23.6662175343604	1.14576264637235e-06	386796	7.02734315797014	0.00802743627332848	386796	6.18219408515511	0.0129042165303604	634	772	6.15022420167345	0.0131395443003976	1614	1930	7.76211396133631	0.00533534785526708	2258	2702
rs2322659_C	24.137662434745	8.9688925280654e-07	431782	8.65379494940986	0.00326380862091206	431782	6.41737662337127	0.0113008980766522	772	772	9.86569308398285	0.0016838923046494	1929	1930	13.3106486809057	0.000263903046997372	2700	2702
rs2304371_A	20.2524711170949	6.78657467142377e-06	431680	6.52466843671203	0.0106388379868804	431680	2.67215984098502	0.10211735730207	770	772	5.19707766373876	0.0226248940885718	1926	1930	7.16533057909265	0.00743259920932494	2698	2702
rs148838160_C	8.36080567631808	0.00383400539975304	427796	8.35101077728437	0.0038547283382551	427796	0.90521172060894	0.341388090434374	766	772	3.85248239468208	0.0496724218343926	1916	1930	3.076484093423	0.0794320656513903	2677	2702
rs116434156_T	5.92676852981044	0.0149125636703154	432085	4.79177469855487	0.0285959485400629	432085	0.873909583903359	0.349875239536702	772	772	2.85033309385572	0.091355007383561	1930	1930	5.47852483905942	0.0192514988346947	2702	2702
rs3754691_C	0.433472600384986	0.510289897180513	431884	1.04840141129664	0.305875543635071	431884	1.60151003757615	0.205689347619242	768	772	1.40676883623103	0.235593526227675	1923	1930	2.82930914127442	0.0925581684589453	2693	2702
rs1470457_G	18.7850986824754	1.46305781585711e-05	386512	6.67200626693434	0.00979388788586454	386512	4.27730657749642	0.0386245076984586	628	772	6.30177417407408	0.012061719515831	1603	1930	7.86084948446361	0.00505166529104596	2240	2702
rs73957037_A	12.0693584362955	0.000512573369126904	431691	2.75279237172154	0.0970847413825827	431691	0.904939675674695	0.341460646473904	772	772	2.37680353421569	0.123149299691066	1930	1930	3.69287630971201	0.0546453052252672	2700	2702
rs3754689_T	15.6093317412005	7.7869344838121e-05	430958	4.31138618831202	0.0378581010851573	430958	0.659260116585872	0.416821271501894	766	772	2.68344330500833	0.101396270840242	1918	1930	4.38681414193948	0.0362179296615947	2686	2702
rs2236783_A	26.4858757013572	2.65472058914774e-07	431172	8.25003714010636	0.00407511671246406	431172	5.72247514324512	0.0167491031170987	762	772	8.37920709314134	0.00379537967828829	1910	1930	11.1004772357035	0.000863055072347249	2675	2702
rs3739020_G	14.29245322378	0.000156491023749832	381283	5.95224290901373	0.01469857271525	381283	7.08702911569831	0.0077643854884003	600	772	6.7407368256441	0.00942356954197968	1547	1930	7.79903895445959	0.00522740299959494	2163	2702
rs4954490_A	24.4439109437917	7.6504924125864e-07	386894	7.52150177893136	0.00609668320128896	386894	6.6550619630509	0.00988745327174563	634	772	7.50603049928965	0.00614927467095058	1616	1930	9.20904904477547	0.00240821756155786	2260	2702
rs4988235_A	37.7297869149562	8.1254306921989e-10	386005	15.2991488648024	9.17578453847778e-05	386005	8.55566900018918	0.00344447897813178	630	772	12.8719405026444	0.00033354557196624	1606	1930	17.7975905959852	2.45694175319388e-05	2243	2702
rs4988218_C	0.393119841801285	0.530664022442625	431097	0.223720099500955	0.636219891711557	431097	1.11051373892289	0.291970300369013	760	772	0.560006770712613	0.454257514556996	1900	1930	0.604691976288581	0.43679340364819	2657	2702
rs141448886_C	1.31977148736514	0.250633065671734	427266	1.33872866593322	0.247258295005936	427266	0.330206234215799	0.56553767512769	742	772	0.920974651397404	0.33721919071624	1860	1930	0.513761024674568	0.473515254163108	2606	2702
rs61750436_T	0.358493771041223	0.549343948758542	431883	0.392195253320762	0.531147734780486	431883	0.905211720608939	0.341388090434374	770	772	0.27402360134008	0.600645388202812	1928	1930	0.336783894608263	0.561691527733591	2700	2702
rs4988141_A	0.589476709691953	0.442621543196386	431720	0.298200707394208	0.585012620463097	431720	1.53744964427226	0.214997820039931	770	772	0.91673695174342	0.338333203315048	1926	1930	0.391209627902994	0.531664254409363	2696	2702
rs309125_T	30.6729304103314	3.05396025187057e-08	431637	11.2723742830974	0.000786690470941815	431637	8.17607587076871	0.00424464857366849	768	772	11.5840657344212	0.000665193453311404	1927	1930	14.791864513008	0.000120052307079799	2696	2702
rs74869854_A	0.00877528230349955	0.925366156895006	431908	0.00520566385201093	0.942482307574754	431908	1.23883291279842	0.265696098584787	772	772	0.0138874505557574	0.906190451142223	1930	1930	0.264219350157801	0.607236110494741	2701	2702
rs309160_T	28.8980292912693	7.62904929523892e-08	384702	10.0554445308175	0.00151898360833847	384702	7.3592734876474	0.00667177442459654	630	772	9.24188314675204	0.00236541570107063	1604	1930	11.3826264937381	0.000741342187077518	2242	2702
